{"cameraMode":{"drawMode":0,"name":"Shaded","section":"Shading Mode"},"sceneLighting":true,"audioPlay":false,"sceneViewState":{"showFog":true,"showMaterialUpdate":true,"showSkybox":true,"showFlares":true,"showImageEffects":true,"showParticleSystems":true},"in2DMode":false,"pivot":{"x":-115.72418212890625,"y":-63.29791259765625,"z":155.04071044921876},"rotation":{"x":-0.11817451566457749,"y":0.8778332471847534,"z":-0.28052616119384768,"w":-0.3697967529296875},"size":1255.1256103515625,"orthographic":false}