{"cameraMode":{"drawMode":0,"name":"Shaded","section":"Shading Mode"},"sceneLighting":false,"audioPlay":false,"sceneViewState":{"showFog":true,"showMaterialUpdate":false,"showSkybox":false,"showFlares":true,"showImageEffects":true,"showParticleSystems":true},"in2DMode":false,"pivot":{"x":-7.1100006103515629,"y":4.769999980926514,"z":3.5762786865234377e-7},"rotation":{"x":0.2877671420574188,"y":-0.4644375741481781,"z":0.16266930103302003,"w":0.8216039538383484},"size":6.257697582244873,"orthographic":true}