{"cameraMode":{"drawMode":0,"name":"Shaded","section":"Shading Mode"},"sceneLighting":false,"audioPlay":false,"sceneViewState":{"showFog":true,"showMaterialUpdate":false,"showSkybox":false,"showFlares":true,"showImageEffects":true,"showParticleSystems":true},"in2DMode":false,"pivot":{"x":-8.329643249511719,"y":-6.123848915100098,"z":1.0732769966125489},"rotation":{"x":0.17557568848133088,"y":-0.5410123467445374,"z":0.11666985601186753,"w":0.814166784286499},"size":33.63740158081055,"orthographic":false}