{"cameraMode":{"drawMode":0,"name":"Shaded","section":"Shading Mode"},"sceneLighting":true,"audioPlay":false,"sceneViewState":{"showFog":true,"showMaterialUpdate":false,"showSkybox":true,"showFlares":true,"showImageEffects":true,"showParticleSystems":true},"in2DMode":false,"pivot":{"x":210.40162658691407,"y":17.9730224609375,"z":3.43387770652771},"rotation":{"x":-0.09594323486089707,"y":-0.3690246641635895,"z":0.03832836449146271,"w":-0.9236705303192139},"size":6.383670330047607,"orthographic":true}