{"cameraMode":{"drawMode":0,"name":"Shaded","section":"Shading Mode"},"sceneLighting":true,"audioPlay":false,"sceneViewState":{"showFog":true,"showMaterialUpdate":false,"showSkybox":true,"showFlares":true,"showImageEffects":true,"showParticleSystems":true},"in2DMode":false,"pivot":{"x":158.0634307861328,"y":-137.45989990234376,"z":-91.12348937988281},"rotation":{"x":-0.29617321491241457,"y":0.6796841025352478,"z":-0.35255563259124758,"w":-0.5709851384162903},"size":214.69680786132813,"orthographic":false}