{"cameraMode":{"drawMode":0,"name":"Shaded","section":"Shading Mode"},"sceneLighting":false,"audioPlay":false,"sceneViewState":{"showFog":true,"showMaterialUpdate":false,"showSkybox":false,"showFlares":true,"showImageEffects":true,"showParticleSystems":true},"in2DMode":false,"pivot":{"x":-0.09343743324279785,"y":-0.3228079676628113,"z":0.26465702056884768},"rotation":{"x":0.34988343715667727,"y":0.0953177735209465,"z":-0.035812314599752429,"w":0.9312447905540466},"size":12.056927680969239,"orthographic":false}