{"cameraMode":{"drawMode":0,"name":"Shaded","section":"Shading Mode"},"sceneLighting":true,"audioPlay":false,"sceneViewState":{"showFog":true,"showMaterialUpdate":false,"showSkybox":true,"showFlares":true,"showImageEffects":true,"showParticleSystems":true},"in2DMode":false,"pivot":{"x":86.88702392578125,"y":15.339826583862305,"z":537.1761474609375},"rotation":{"x":-0.03809428960084915,"y":-0.9614056944847107,"z":0.20793361961841584,"w":-0.17614296078681947},"size":81.0248794555664,"orthographic":true}