{"cameraMode":{"drawMode":0,"name":"Shaded","section":"Shading Mode"},"sceneLighting":true,"audioPlay":false,"sceneViewState":{"showFog":true,"showMaterialUpdate":false,"showSkybox":true,"showFlares":true,"showImageEffects":true,"showParticleSystems":true},"in2DMode":false,"pivot":{"x":109.99494934082031,"y":-147.26327514648438,"z":-23.07782745361328},"rotation":{"x":0.3066297471523285,"y":-0.6784790754318237,"z":0.3781780004501343,"w":0.5501160025596619},"size":1318.5321044921875,"orthographic":false}