{"cameraMode":{"drawMode":0,"name":"Shaded","section":"Shading Mode"},"sceneLighting":false,"audioPlay":false,"sceneViewState":{"showFog":true,"showMaterialUpdate":false,"showSkybox":false,"showFlares":true,"showImageEffects":true,"showParticleSystems":true},"in2DMode":false,"pivot":{"x":0.0,"y":-0.20473352074623109,"z":0.0787501335144043},"rotation":{"x":0.6828719973564148,"y":-0.028464797884225847,"z":0.026645498350262643,"w":0.7294971942901611},"size":11.946986198425293,"orthographic":true}